[
  { "badge": "Audit", "price": "£2,500", "unit": "/ fixed scope", "desc": "HR System Audit: security, roles, config, reporting. Findings + remediation plan in 2 weeks." },
  { "badge": "Implementation", "price": "£6,000", "unit": "/ sprint", "desc": "Project Management sprint for implementation or upgrade. PMO setup, RAID, vendor orchestration." },
  { "badge": "Fractional", "price": "£3,500", "unit": "/ month", "desc": "1–2 days/week HRIT advisory & delivery leadership, OKRs and cadence." }
]